<?xml version="1.0" encoding="UTF-8"?>
<assembly>
  <id>bin</id>
  <formats>
    <format>jar</format>
  </formats>
  <includeBaseDirectory>false</includeBaseDirectory>
  <includeSiteDirectory>false</includeSiteDirectory>
  <dependencySets>
    <dependencySet>
      <outputDirectory>/</outputDirectory>
      <outputFileNameMapping/>
      <unpack>true</unpack>
      <scope>runtime</scope>
      <includes>
        <include>org.springframework.richclient:spring-richclient-resources</include>
        <include>org.springframework.richclient:spring-richclient-core</include>
      </includes>
    </dependencySet>
  </dependencySets>
</assembly>