<?xml version="1.0" encoding="UTF-8"?>
<assembly>
  <id>src</id>
  <formats>
    <format>zip</format>
  </formats>
  <fileSets>
    <fileSet>
      <directory>..</directory>
      <outputDirectory></outputDirectory>
      <excludes>
        <exclude>**/target/**</exclude>
        <exclude>**/*.log</exclude>
        <exclude>**/*.log.*</exclude>
        <exclude>**/.classpath</exclude>
        <exclude>**/.project</exclude>
        <exclude>**/.settings/**</exclude>
        <exclude>**/.wtpmodules/**</exclude>
        <exclude>**/*.ipr</exclude>
        <exclude>**/*.iws</exclude>
        <exclude>**/*.iml</exclude>
        <exclude>**/nbproject/**</exclude>
        <exclude>**/local/**</exclude>
      </excludes>
    </fileSet>
  </fileSets>
</assembly>